nomor,lon,lat,kelas_dw,prob
1.0,110.5833750431046,-8.137254253904068,0,0.4399310841690749
2.0,110.0618131891448,-7.850961172855176,0,0.03573460718616843
3.0,110.65533009736257,-7.863717249889673,0,0.1838302386847014
4.0,110.49812492264165,-7.898482051385098,0,0.028885085213308532
5.0,110.54070506710892,-8.100423327255166,0,0.03208644865662791
6.0,110.63008743787881,-7.842247514599217,0,0.03625242755515501
7.0,110.73204622262638,-7.993433976916532,0,0.044776864000596106
8.0,110.75683972446808,-8.082816347686425,0,0.029063836865437526
9.0,110.75648039835443,-8.194027779860422,0,0.038247913881032554
10.0,110.3135211317551,-7.690252568526193,0,0.3569263683166355
11.0,110.51932516334688,-7.89210401286785,0,0.0624088920885697
12.0,110.7510006751213,-8.066916167157508,0,0.03229547728551552
13.0,110.35897588513154,-7.647402929473692,0,0.04284078148858888
14.0,110.71434941152923,-8.107520017999711,0,0.03296587412478402
15.0,110.61553473027608,-8.02873776758243,0,0.05029007554985583
16.0,110.37649303317187,-7.978072785558088,0,0.03716909228306678
17.0,110.68048292531792,-7.837666106650207,0,0.04580248760369917
18.0,110.65613858111827,-8.073204374146346,0,0.3596748876851052
19.0,110.58157841253636,-8.072395890390638,0,0.038598528248257935
20.0,110.52435572893795,-8.0826366846296,0,0.031109960190951823
21.0,110.21012504255293,-7.675969355508693,0,0.1617878801189363
22.0,110.697730578773,-7.926509488249628,0,0.0401893702801317
23.0,110.20275885722316,-7.974030366779551,0,0.046478409719254286
24.0,110.66575055465836,-7.986337286171988,0,0.28463455894961953
25.0,110.58777678799679,-7.909800823965004,0,0.034949582225332655
26.0,110.53872877348385,-8.120006600448972,0,0.035785627621226015
27.0,110.77004495914463,-8.082906179214836,0,0.05568127003498376
28.0,110.63278238373117,-8.033139512474614,0,0.04898349230643362
29.0,110.72971060288766,-7.844672965866339,0,0.141107893694425
30.0,110.49749610194277,-7.964957382409943,0,0.05778201439534314
31.0,110.31325163716986,-7.656206419258064,0,0.2118257103022188
32.0,110.48671631853334,-8.105364061317825,0,0.02995691536209331
33.0,110.69072371955689,-7.929563760215634,0,0.47992869342366856
34.0,110.10214754540176,-7.87000545687851,0,0.05556672409427567
35.0,110.06890987988935,-7.880066588060648,0,0.042245192711965904
36.0,110.51303695635804,-8.037810751952037,0,0.03012568024652345
37.0,110.30148370694789,-8.01355623928081,0,0.16822803526354785
38.0,110.3601436950009,-8.023437707406124,0,0.17036970405440247
39.0,110.52417606588112,-7.865693543514736,0,0.046414184112412236
40.0,110.77291956805381,-7.859046010412252,0,0.06869827543518373
41.0,110.44692095144684,-7.859944325696371,0,0.034605664718482226
42.0,110.17940265983604,-7.650277538382875,0,0.08976307387638371
43.0,110.43120043397475,-8.01445455456493,0,0.03200816661119461
44.0,110.33265524730683,-7.801104674586543,0,0.41930287843570113
45.0,110.46524658324287,-8.059190655714081,0,0.03422187416193386
46.0,110.64688593369185,-7.928755276459927,0,0.34179983268647146
47.0,110.51815735347752,-7.946991076727553,0,0.03629001082542042
48.0,110.25683743732715,-7.698966226782153,0,0.03375925902011139
49.0,110.16206517485254,-7.868927478537566,0,0.03850524576709551
50.0,110.57016980842803,-8.08398415755578,0,0.03327218098565936
51.0,110.49947239556784,-7.862818934605554,0,0.03828565157018602
52.0,110.71399008541557,-8.024246191161831,0,0.034224096685647964
53.0,110.19952492220033,-7.742714181118774,0,0.03454756020801142
54.0,110.52228960378447,-8.01032230425798,0,0.36256479523662066
55.0,110.42473256392908,-8.020383435440118,0,0.1625103245023638
56.0,110.41853418846867,-8.068443303140512,0,0.030323643337136934
57.0,110.61661270861701,-8.141925493381489,0,0.03051430860068649
58.0,110.50854537993744,-8.030803892735904,0,0.030613926405619298
59.0,110.68605248007945,-7.841708525428745,0,0.0537742372835055
60.0,110.4300326241054,-7.991817009405117,0,0.031834179283274956
61.0,110.3639166191942,-7.89300232815197,0,0.050363811664283276
62.0,110.15838208218766,-7.691150883810313,0,0.030743504682069888
63.0,110.37083364688192,-7.708757863379056,0,0.16005115129519254
64.0,110.70940867746657,-7.8879717625609,0,0.07311196118826047
65.0,110.24318304500854,-7.854554433991654,0,0.2274223979562521
66.0,110.20024357442762,-7.7966130981659445,0,0.04443120802752674
67.0,110.7915146944351,-8.182529344223692,0,0.03032872309524785
68.0,110.7299800974729,-7.937918092357946,0,0.046648564476830266
69.0,110.6819202297725,-7.915639873311782,0,0.43844098411500454
70.0,110.17437209424497,-7.92067043890285,0,0.18302669509180955
71.0,110.5654087374222,-7.93719944013065,0,0.138888646569103
72.0,110.64508930312361,-7.818352328041637,0,0.06612482143100351
73.0,110.54052540405209,-7.994961112899535,0,0.11270128463261894
74.0,110.42131896584944,-8.070509428293986,0,0.03523458354175091
75.0,110.64940121648738,-8.109586143153185,0,0.03921138378791511
76.0,110.20671144447329,-7.929473928687222,0,0.4920055850874633
77.0,110.36158099945548,-7.997656058751894,0,0.03908664574846625
78.0,110.15820241913083,-7.74945154574967,0,0.04122108831957337
79.0,110.45922787083927,-7.811614963410741,0,0.11280858719890768
80.0,110.3315772689659,-7.853117129537063,0,0.40475127287209034
81.0,110.46192281669164,-7.712530787572358,0,0.1202441084730838
82.0,110.58175807559319,-7.8230235675190585,0,0.17197530274279416
83.0,110.66727769064136,-7.824101545860002,0,0.03418121629926775
84.0,110.70904935135292,-8.132942340540295,0,0.03701922297477722
85.0,110.56442059060967,-8.04212266531581,0,0.03698152262303564
86.0,110.09046944670821,-7.919053471391436,0,0.10408282250611355
87.0,110.50351481434637,-7.802452147512722,0,0.04530542163411155
88.0,110.19350620979672,-7.80191315834225,0,0.0371547703165561
89.0,110.43542251581012,-8.087487587163846,0,0.03172815105478678
90.0,110.41682738942883,-7.611829644222559,0,0.07432640856131911
91.0,110.55004754606377,-7.850961172855176,0,0.037126122741028666
92.0,110.39805259999073,-7.6014990184551845,0,0.03327535073428104
93.0,110.38260157710388,-7.647582592530516,0,0.2982761462684721
94.0,110.52390657129588,-7.907914361868354,0,0.028838218917371705
95.0,110.35879622207472,-7.681898236383882,0,0.09375433131520237
96.0,110.19907576455826,-7.790504554233932,0,0.09754563485538321
97.0,110.33696716067061,-7.642552026939447,0,0.23136778137995861
98.0,110.63493834041306,-8.1194676112785,0,0.029147851846313903
99.0,110.18048063817699,-7.848805216173289,0,0.1488290346072366
100.0,110.65380296137957,-8.006190053951029,0,0.24851422818028368
101.0,110.1174189052318,-7.900099018896514,1,0.5617741926518434
102.0,110.3353501931592,-7.865603711986324,1,0.6834270465963831
103.0,110.47413990455566,-7.8012843376433665,1,0.6499314787021527
104.0,110.3128923110562,-7.98732543298452,1,0.6420070154417772
105.0,110.59631078319592,-7.983911834904865,1,0.6859018665605358
106.0,110.23024730491721,-7.945733435329785,1,0.5070906608150556
107.0,110.47126529564648,-7.824730366558886,1,0.6331843292890963
108.0,110.4578803979131,-7.6518945058942895,1,0.6354047658853232
109.0,110.41862401999708,-7.697708585384386,1,0.7236586176790297
110.0,110.37927781055264,-7.829401606036307,1,0.7133463601182614
111.0,110.67724899029508,-8.0743721840157,1,0.5643568658269942
112.0,110.1399666188632,-7.900458345010161,1,0.6635424446181527
113.0,110.70267131283566,-7.81987946402464,1,0.592565211787587
114.0,110.44009375528753,-7.759512676931808,1,0.7199664037260745
115.0,110.30651427253896,-7.762836443483051,1,0.6047725494485349
116.0,110.3955373171952,-7.803619957382077,1,0.7076771492397206
117.0,110.34612997656863,-7.768226335187768,1,0.7225118029862643
118.0,110.27426475383906,-7.815298056075631,1,0.5377650240746638
119.0,110.40541878532052,-7.726095348362563,1,0.6368884004186839
120.0,110.31918051804504,-7.759692339988632,1,0.6581411967054009
121.0,110.59370566887198,-7.957321702494927,1,0.6246040873894734
122.0,110.63251288914593,-7.961723447387113,1,0.5424639195553027
123.0,110.466144898527,-7.944385962403606,1,0.529406554158777
124.0,110.43793779860565,-7.664021762229903,1,0.7169128908775747
125.0,110.37254044592174,-7.860932472508902,1,0.6395618948412852
126.0,110.36176066251231,-7.8163760344165745,1,0.7243740123563579
127.0,110.57511054249069,-7.988044085211815,1,0.5179154783383839
128.0,110.388081300337,-7.852578140366591,1,0.7158746477914975
129.0,110.42212744960514,-7.690162736997782,1,0.7295815851871988
130.0,110.30813124005037,-7.737773447056116,1,0.647727653888675
131.0,110.4293139718781,-7.704625613072106,1,0.7334012975043152
132.0,110.39948990444533,-7.7824197166768565,1,0.7260751304936341
133.0,110.3985017576328,-7.755649921210095,1,0.7128782440642161
134.0,110.27462407995272,-7.970976094813544,1,0.5458369159784454
135.0,110.24192540361076,-7.95974715376205,1,0.6390485519289293
136.0,110.20841824351311,-7.765082231693349,1,0.7076901614532939
137.0,110.44539381546383,-7.828233796166952,1,0.7051920958963985
138.0,110.30408882127183,-7.668603170178913,1,0.6669464298368742
139.0,110.23572702815034,-7.9699879480010125,1,0.6386778255374256
140.0,110.4301224556338,-7.716124048708836,1,0.7178287783404812
141.0,110.47045681189077,-8.036014121383797,1,0.6782065481723597
142.0,110.267707052265,-7.7739755530061325,1,0.6933916504029185
143.0,110.27561222676525,-7.71819017386231,1,0.6487383343628608
144.0,110.37981679972312,-7.786551966983806,1,0.7424700984556694
145.0,110.31468894162445,-7.707769716566524,1,0.5650316394555072
146.0,110.31019736520385,-7.856890053730365,1,0.531590812955983
147.0,110.43587167345217,-7.7225020872260846,1,0.7321043937829219
148.0,110.33355356259096,-7.699595047481036,1,0.6307826131815091
149.0,110.32295344223834,-7.946811413670729,1,0.6444235120645978
150.0,110.24183557208235,-7.715944385652012,1,0.6187255962286144
151.0,110.40209501876927,-7.857518874429249,1,0.6806282538222149
152.0,110.383499892388,-7.738492099283412,1,0.6682515879246321
153.0,110.33427221481826,-7.974569355950022,1,0.6870565968099982
154.0,110.4654262462997,-7.925341678380272,1,0.5643511270172894
155.0,110.15865157677288,-7.879437767361765,1,0.5058921949093929
156.0,110.7652838881388,-7.860483314866843,1,0.5900970345496067
157.0,110.46228214280528,-7.7753230259323125,1,0.7233234530484135
158.0,110.36957600548415,-7.851320498968824,1,0.61120804062941
159.0,110.30822107157879,-7.766609367676353,1,0.530492311855778
160.0,110.20751992822899,-7.868747815480742,1,0.6005122796050273
161.0,110.33876379123885,-7.646953771831632,1,0.6352275297685992
162.0,110.36104201028502,-7.854554433991654,1,0.7058410373671601
163.0,110.40883238340017,-7.810536985069797,1,0.6827334688776838
164.0,110.3331044049489,-7.761309307500047,1,0.7009859753695006
165.0,110.47548737748184,-7.734539512033286,1,0.707499270234257
166.0,110.59101072301961,-7.972143904682899,1,0.6190266769845039
167.0,110.3339128887046,-7.869196973122802,1,0.6062837786157615
168.0,110.38736264810971,-7.7626567804262265,1,0.720367716059887
169.0,110.42500205851432,-7.711991798401886,1,0.7066368319210596
170.0,110.3632877984953,-7.822125252234939,1,0.7024003415426705
171.0,110.37110314146716,-7.829401606036307,1,0.681591629749164
172.0,110.42392408017338,-7.83829492734909,1,0.6063076322380867
173.0,110.31540759385175,-7.952830126074329,1,0.605530094956824
174.0,110.39257287675761,-7.85760870595766,1,0.7022416600724682
175.0,110.71479856917128,-7.881773387100475,1,0.6513866946334019
176.0,110.40739507894558,-7.810087827427738,1,0.6706981701136101
177.0,110.65586908653304,-8.083085842271661,1,0.552383655416114
178.0,110.34235705237533,-7.801104674586543,1,0.7522763551678509
179.0,110.27740885733348,-7.78762994532475,1,0.7329543183092028
180.0,110.33939261193774,-7.9186941452777875,1,0.6628751224372535
181.0,110.20141138429697,-7.896595589288448,1,0.5731012993492186
182.0,110.35834706443265,-7.8337135194000815,1,0.7267274149094841
183.0,110.38960843632002,-7.753404132999796,1,0.6693513930464784
184.0,110.2233302772295,-7.7748738682902525,1,0.5244246690223614
185.0,110.46803136062366,-7.83640846525244,1,0.576411667582579
186.0,110.71363075930192,-7.826886323240773,1,0.5179411020071711
187.0,110.46946866507824,-7.7706517864548905,1,0.6334039242356084
188.0,110.10897474156107,-7.887342941862016,1,0.5209029912272648
189.0,110.41341379134919,-7.688815264071602,1,0.7396537863183766
190.0,110.27956481401537,-7.725376696135267,1,0.6574523020535707
191.0,110.47943996473197,-7.789696070478224,1,0.5525829054665967
192.0,110.41170699230936,-7.829671100621543,1,0.7382190644698725
193.0,110.4443158371229,-7.6603386695650135,1,0.7190473018563353
194.0,110.3654437551772,-7.826257502541889,1,0.6969913974337812
195.0,110.30283117987408,-7.897583736100979,1,0.6950831104934748
196.0,110.2511780510372,-7.821137105422408,1,0.5332656614870454
197.0,110.469199170493,-7.797331750393241,1,0.5775567161950416
198.0,110.60017353891763,-7.970257442586249,1,0.7296163847204298
199.0,110.24417119182107,-7.799218212489891,1,0.6464443043805659
200.0,110.2541424914748,-7.941152027380776,1,0.5329597188498486
