ambang,Accuracy,Precision,Recall,F1,BalancedAcc,MCC
0.3,0.8499305381214045,0.512075302729528,0.841470780394862,0.6366926253653855,0.8464840960130386,0.5759799970306997
0.35,0.8581883876049439,0.529089521713989,0.841470780394862,0.6496808233105462,0.8513777592982756,0.5904683030161558
0.39999999999999997,0.8829619360555618,0.587667011186588,0.841470780394862,0.6920321069507052,0.8660587491539862,0.6378682073864391
0.44999999999999996,0.8994776350226406,0.646145328814375,0.7886277071931493,0.7103118003867642,0.8543182024088405,0.6549489811506233
0.49999999999999994,0.8994776350226404,0.6599999999999999,0.7357846339914367,0.6958349398727189,0.832790329093221,0.6371845898118768
0.5499999999999999,0.9099305381214046,0.7209302325581395,0.6911916258707436,0.7057477888425859,0.8208179391218442,0.6528047230695885
0.5999999999999999,0.8977354845061798,0.7066666666666667,0.590857357599184,0.6435937856431397,0.7727156278038585,0.587642141231943
0.6499999999999999,0.8942511834732585,0.7843137254901961,0.4459300812069313,0.5685849933088237,0.7116085151055989,0.5401085879983013
0.7,0.8855404308909551,0.8750000000000001,0.312151056844852,0.4601472966130561,0.6519458827868381,0.4809481147562003
0.7499999999999999,0.8454709690123599,1.0,0.011148252030173283,0.02205067754958768,0.5055741260150867,0.09706965002767204
0.7999999999999998,0.8437288184958991,,0.0,,0.5,
0.8499999999999999,0.8437288184958991,,0.0,,0.5,
0.8999999999999999,0.8437288184958991,,0.0,,0.5,
0.95,0.8437288184958991,,0.0,,0.5,
