lon,lat,kelas_dw,prob,kelas_referensi
110.37757101151281,-8.055148236935544,0,0.03515328214659045,
110.27363593314018,-7.7752331944039,0,0.040459792517746486,
110.6299976063504,-7.9624420996144085,0,0.4706851035201301,
110.62829080731058,-7.873508886486576,0,0.03289716967588498,
110.77848912281536,-8.090092701487793,0,0.03333475645631552,
110.11014255143043,-7.827964301581716,0,0.036296139316012464,
110.28477504266327,-7.699954373594684,0,0.10287621815223247,
110.6352078349983,-7.935312978033999,0,0.07612301143817604,
110.22081499443395,-7.897134578458919,0,0.4459151334594935,
110.72180542838741,-7.937019777073826,0,0.040863084606826305,
110.53450669164849,-8.05451941623666,0,0.04778852346353233,
110.33948244346615,-7.9355824726192346,0,0.14544214672324332,
110.37236078286492,-7.696181449401382,0,0.3018390663699912,
110.44368701642401,-8.002866287399787,0,0.03712687760384546,
110.11229850811232,-7.828054133110128,0,0.07272802968509495,
110.17994164900652,-7.844313639752691,0,0.05944696348160505,
110.19907576455826,-7.798499560262596,0,0.18234616643749177,
110.66332510339123,-8.042212496844222,0,0.04564069850104196,
110.13358858034596,-7.772538248551542,0,0.04084546359566351,
110.76052281713297,-7.952470799960682,0,0.04029684845590964,
110.47476872525455,-7.824730366558886,0,0.2553471159655601,
110.71470873764287,-7.89991935583969,0,0.04935346885273854,
110.47387040997043,-8.053980427066188,0,0.03359676734544337,
110.13125296060724,-7.80972850131409,0,0.03429088931530714,
110.7179426726657,-7.996308585825714,0,0.03966044244589284,
110.38862028950749,-7.699415384424213,0,0.21168765178881585,
110.66440308173217,-8.132672845955058,0,0.03306882578181103,
110.10205771387335,-7.880246251117472,0,0.3347018046942712,
110.14023611344844,-7.69240852520808,0,0.054831681449128235,
110.53010494675631,-7.926958645891688,0,0.035602447615625955,
110.39688479012139,-7.684772845293065,0,0.10071740061976016,
110.58517167367283,-7.994961112899535,0,0.04213601550353425,
110.27246812327083,-7.912765264402599,0,0.029414408353411338,
110.64338250408377,-7.934594325806703,0,0.1075945261400193,
110.70886968829609,-8.04903969300353,0,0.032614016556181014,
110.22584556002502,-7.900548176538574,0,0.10694427454533677,
110.7089595198245,-8.011130788013686,0,0.033634591149166226,
110.17059917005167,-7.9186941452777875,0,0.07273309175097556,
110.20698093905851,-7.944206299346782,0,0.15415646663556495,
110.41323412829236,-7.71819017386231,0,0.34816173728904687,
110.07492859229295,-7.890037887714375,0,0.05270871832035482,
110.44790909825937,-7.612188970336208,0,0.051588273025117815,
110.54852041008076,-7.943307984062662,0,0.3165619681434085,
110.22854050587739,-7.851769656610884,0,0.25638617887161674,
110.15550747327846,-7.930102749386106,0,0.053196339041835836,
110.17347377896085,-7.686210149747656,0,0.03347006904218217,
110.73393268472303,-7.81017765895615,0,0.035070491156407764,
110.47557720901025,-7.807662376160615,0,0.031655012701566405,
110.42652919449733,-7.851769656610884,0,0.11599258768837899,
110.23303208229798,-7.913214422044659,0,0.10177008006056505,
110.31900085498822,-7.670130306161917,0,0.3684304251542522,
110.78271120465072,-7.845211955036811,0,0.1896189263497945,
110.42545121615639,-7.928306118817867,0,0.03380996221676469,
110.10475265972572,-7.807662376160615,0,0.036188322952703425,
110.548789904666,-8.045176937281816,0,0.029233972309157252,
110.40991036174111,-7.9036024485045795,0,0.038425744976848364,
110.51330645094328,-8.119018453636441,0,0.03349400252207286,
110.58148858100795,-8.05362110095254,0,0.048152816792329155,
110.76968563303099,-7.894080306492913,0,0.03913306111159424,
110.5292964630006,-8.001339151416785,0,0.03232849223007049,
110.31702456136316,-7.723849560152264,0,0.48974284638340276,
110.56567823200744,-7.9864271177004,0,0.046548133882294805,
110.75648039835443,-7.959836985290462,0,0.03401124419178814,
110.70024586156855,-7.986786443814047,0,0.22264593944419175,
110.63035693246405,-7.9477995604832605,0,0.0618945435853675,
110.44952606577078,-7.947440234369613,0,0.027947426890023053,
110.68605248007945,-8.06970094453828,0,0.03609371240600012,
110.1851518776544,-7.822664241405411,0,0.05331460512908442,
110.48671631853334,-7.735258164260582,0,0.451027672145177,
110.38547618601307,-8.034127659287146,0,0.030442557577043772,
110.67194893011879,-7.790145228120284,0,0.04446510514632488,
110.53567450151785,-7.991996672461941,0,0.050612568575888875,
110.5638816014392,-7.92983325480087,0,0.08013446890981868,
110.53486601776214,-7.937468934715886,0,0.05773142507920662,
110.72800380384784,-7.799847033188775,0,0.1336688338778913,
110.50764706465333,-7.8117047949391525,0,0.41647890655116904,
110.76411607826944,-8.088655397033202,0,0.05776503654196859,
110.64140621045871,-8.146686564387322,0,0.034671448058737765,
110.09397287631629,-7.9191433029198475,0,0.2528658734324078,
110.1220003131808,-7.671118452974448,0,0.0339764473028481,
110.68362702881234,-8.05496857387872,0,0.034099313226761296,
110.38736264810971,-8.006818874649912,0,0.03476856263693084,
110.28908695602703,-7.938187586943181,0,0.3245671191252768,
110.7284529614899,-8.05416009012301,0,0.06637348180326323,
110.6270331659128,-7.856800222201953,0,0.10291400766000151,
110.39814243151915,-7.759422845403397,0,0.2332569401090344,
110.4308411078611,-8.061705938509615,0,0.055428754072636366,
110.53845927889861,-7.968909969660069,0,0.20675144025257655,
110.39760344234868,-7.907465204226294,0,0.03686673876031169,
110.63323154137323,-7.8672206794977395,0,0.03320891797193326,
110.08211511456591,-7.826616828655537,0,0.03289194251410663,
110.75324646333159,-7.954986082756217,0,0.03955208254046738,
110.37173196216604,-8.0375412573668,0,0.21124406848102809,
110.53199140885296,-7.830659247434075,0,0.0386889101604798,
110.46515675171447,-7.968281148961186,0,0.02633915771730244,
110.33858412818202,-7.653780967990941,0,0.09355422976659611,
110.17562973564274,-7.831737225775018,0,0.054717826191335917,
110.62335007324792,-7.975198176648906,0,0.034231220046058296,
110.13457672715849,-7.8483560585312295,0,0.08321721959509887,
110.6060125882644,-8.122611714772919,0,0.03757814634591341,
110.37586421247299,-7.634557020910783,1,0.6202551111928187,
110.39185422453032,-7.744151485573365,1,0.6487152668705676,
110.32241445306788,-7.658092881354714,1,0.6333731497870758,
110.42545121615639,-7.750170197976965,1,0.6970989404778395,
110.44269886961148,-7.757805877891982,1,0.7252693958063092,
110.44979556035602,-7.700044205123096,1,0.7458807354172071,
110.30588545184007,-7.873149560372928,1,0.5793254006809244,
110.37577438094458,-7.756638068022626,1,0.6341884278226644,
110.37110314146716,-7.796972424279593,1,0.7345294683706015,
110.36571324976244,-7.838384758877503,1,0.6893080131849274,
110.47000765424872,-7.770472123398067,1,0.7175780084863719,
110.23222359854228,-7.85482392857689,1,0.5000059751328081,
110.36867769020003,-7.731844566180928,1,0.717191675711157,
110.40883238340017,-7.818531991098461,1,0.7066365517675877,
110.32717552407371,-7.870364782992158,1,0.5555324897369636,
110.38763214269495,-7.6570149030137715,1,0.5247769262253618,
110.31001770214702,-7.908543182567238,1,0.566008303896524,
110.22647438072391,-7.765261894750173,1,0.6837791395041027,
110.35960470583042,-7.8667715218556795,1,0.5475288100424223,
110.36149116792707,-7.787090956154278,1,0.7322523243259639,
110.29393785856129,-7.927048477420099,1,0.6125898393996371,
110.13718184148243,-7.887432773390429,1,0.6957203183992533,
110.29052426048163,-7.918424650692552,1,0.5276952246415683,
110.35367582495523,-7.736425974129937,1,0.6148719189804979,
110.57780548834306,-7.938726576113653,1,0.5481375359813683,
110.38080494653565,-7.767417851432061,1,0.611351514368185,
110.45859905014039,-7.7089375264358795,1,0.5673905777013195,
110.32142630625535,-7.879258104304941,1,0.7553267272111649,
110.36337763002372,-7.670669295332388,1,0.6044698401043812,
110.32052799097123,-7.978881269313796,1,0.7307810531411734,
110.35520296093824,-7.6565657453717115,1,0.5316708815387554,
110.41251547606507,-7.878269957492409,1,0.7034673753660172,
110.60511427298029,-7.921299259601734,1,0.6841777241323144,
110.47494838831138,-7.71127314617459,1,0.5068346797229929,
110.36804886950115,-7.6909712207534895,1,0.5058133763571581,
110.24039826762777,-7.774245047591369,1,0.6011614824722832,
110.27282744938448,-7.711812135345062,1,0.5995569548103958,
110.23105578867292,-7.709746010191587,1,0.572730221087113,
110.39975939903057,-7.831737225775018,1,0.6720973110706028,
110.31468894162445,-7.7781976348414945,1,0.5739720351605987,
110.39122540383143,-7.8705444460489815,1,0.7398445604776498,
110.2255760654398,-7.732383555351399,1,0.6573700755169349,
110.65874369544223,-7.999632352376957,1,0.6013064719348525,
110.48249423669797,-7.92983325480087,1,0.550111779843324,
110.30929904991973,-7.8474577432471095,1,0.5620752549730241,
110.33328406800572,-7.987594927569755,1,0.6924308353103698,
110.40703575283193,-7.78628247239857,1,0.653350815322483,
110.409012046457,-7.64129438554168,1,0.7149382741656154,
110.36229965168278,-7.797152087336417,1,0.7325813358649611,
110.40425097545116,-7.808470859916323,1,0.6325695757881146,
110.42536138462798,-7.76373475876717,1,0.7213495193411492,
110.27309694396972,-7.808740354501558,1,0.6671778538341945,
110.41260530759348,-7.818442159570049,1,0.66292748140404,
110.42904447729286,-7.668243844065265,1,0.6939661721233279,
110.38080494653565,-7.730317430197924,1,0.6291497598202633,
110.28746998851562,-7.728880125743333,1,0.68568228421888,
110.39913057833168,-7.832006720360254,1,0.6313211594501303,
110.33022979603972,-7.701212014992452,1,0.6300471042438099,
110.55489844859801,-7.9124957698173635,1,0.741684224223718,
110.34711812338116,-7.923904373925681,1,0.6264495917130262,
110.71354092777351,-7.980318573768387,1,0.5874319045688026,
110.4143121066333,-7.700852688878804,1,0.6460121819815997,
110.52588286492094,-7.787719776853161,1,0.5262197328689084,
110.30408882127183,-7.980318573768387,1,0.7112165538387166,
110.47036698036236,-7.814669235376747,1,0.6978307404894043,
110.31091601743114,-7.776401004273255,1,0.720486366073601,
110.3812541041777,-7.771909427852658,1,0.6691616249403783,
110.33076878521018,-7.6942949873047315,1,0.6199053278791585,
110.70689339467103,-7.964148898654235,1,0.7326105473718295,
110.38682365893925,-7.890217550771199,1,0.652901450288482,
110.71614604209746,-7.874227538713871,1,0.5832006506777058,
110.41179682383776,-7.799847033188775,1,0.678584898695011,
110.34217738931851,-7.872610571202457,1,0.695967110904998,
110.4720737794022,-7.752326154658853,1,0.5765052457340062,
110.39787293693392,-7.697528922327562,1,0.5327360307731267,
110.32151613778376,-7.689354253242074,1,0.6195298831735272,
110.43748864096358,-7.666087887383378,1,0.7094644028305387,
110.4818654159991,-7.737683615527704,1,0.7181598310772743,
110.34783677560846,-7.896595589288448,1,0.6995939357439056,
110.30813124005037,-7.722861413339732,1,0.700785358591626,
110.1565854516194,-7.9251620153234485,1,0.5693345338541774,
110.44413617406607,-7.745409126971132,1,0.6016617088811472,
110.24803394754278,-7.938726576113653,1,0.7025101627921686,
110.32340259988041,-7.738851425397059,1,0.6953042903915048,
110.28091228694156,-7.803979283495725,1,0.6859473993536085,
110.55400013331389,-8.097458886817572,1,0.6198000034006933,
110.40955103562747,-7.733192039107107,1,0.5765657618176192,
110.34604014504022,-7.867490174082975,1,0.664405620837998,
110.4308411078611,-7.75313463841456,1,0.7104841571534053,
110.36355729308055,-7.854105276349594,1,0.7005152360329198,
110.3007650547206,-7.707679885038112,1,0.583157438505441,
110.32052799097123,-7.7404683929084745,1,0.5929263660551182,
110.2955548260727,-7.958130186250635,1,0.695404877378182,
110.45832955555515,-7.811525131882329,1,0.5846461049319865,
110.44898707660032,-7.7631059380682865,1,0.6584508548998698,
110.28154110764044,-7.986786443814047,1,0.549240819508365,
110.76591270883769,-7.835060992326261,1,0.7356784442905336,
110.35295717272794,-7.918155156107316,1,0.5625464527867734,
110.46883984437936,-7.771280607153774,1,0.673054968676297,
110.40263400793975,-7.755470258153271,1,0.6919195215159561,
