nomor,kelas_referensi,tgl_citra,catatan,kelas_dw,prob
3,1,2025-04-25 00:00:00,"tepi badan jalan, perkerasan sekitar 7 dari 10 m",0,0.1838302386847014
24,1,12 Juni 2024,,0,0.2846345589496195
33,1,2023-04-25 00:00:00,,0,0.4799286934236685
69,1,2025-04-25 00:00:00,,0,0.4384409841150045
73,1,22 Mei 2024,,0,0.1127012846326189
104,0,25 Maret 2025,,1,0.6420070154417772
108,0,2 Sept 2025,,1,0.6354047658853232
110,0,7 Juni 2026,,1,0.7133463601182614
112,0,26 Juni 2021,,1,0.6635424446181527
115,0,22 Juli 2025,,1,0.6047725494485349
119,0,9 Agustus 2026,,1,0.6368884004186839
122,0,12 Juni 2024,,1,0.5424639195553027
123,0,25 Maret 2025,,1,0.529406554158777
127,0,22 Mei 2024,,1,0.5179154783383839
130,0,22 Juli 2025,,1,0.647727653888675
134,0,25 Maret 2025,,1,0.5458369159784454
135,0,5 Agustus 2025,,1,0.6390485519289293
138,0,22 Juli 2025,,1,0.6669464298368742
146,0,7 Juni 2026,,1,0.531590812955983
151,0,21 Juli 2026,,1,0.6806282538222149
152,0,7 Juni 2026,,1,0.6682515879246321
155,0,2 Sept 2025,,1,0.5058921949093929
156,0,22 Juli 2025,,1,0.5900970345496067
158,0,7 Juni 2026,,1,0.61120804062941
159,0,22 Juli 2025,,1,0.530492311855778
161,0,22 Juli 2025,,1,0.6352275297685992
164,0,22 Juli 2025,,1,0.7009859753695006
165,0,7 Juni 2026,,1,0.707499270234257
167,0,7 Juni 2026,,1,0.6062837786157615
169,0,7 Juni 2026,,1,0.7066368319210596
173,0,25 Maret 2025,,1,0.605530094956824
175,0,2025-04-25 00:00:00,,1,0.6513866946334019
176,0,7 Juni 2026,,1,0.6706981701136101
186,0,2025-04-25 00:00:00,,1,0.5179411020071711
187,0,26 Sept 2024,,1,0.6334039242356084
188,0,26 Juni 2021,,1,0.5209029912272648
194,0,7 Juni 2026,,1,0.6969913974337812
196,0,2 Sept 2025,,1,0.5332656614870454
197,0,2 Sept 2025,,1,0.5775567161950416
