bulan,cf_cvg_rerata,avg_rad
2020-01,6.025428440337272,1.8815941711948527
2020-02,1.6873285154223832,2.0303058721590355
2020-03,1.3575963964030011,1.5960899437001648
2020-04,5.339871053983703,1.9747244375938355
2020-05,2.900390027180935,1.9658970320045188
2020-06,9.511835223291175,2.1970911136860494
2020-07,9.422277125797812,2.106196572584531
2020-08,9.789458330202239,2.1717700864656693
2020-09,7.968337173121593,2.0423402987282335
2020-10,1.4725432228195219,1.4810417618025489
2020-11,2.2017352055126795,2.233567013959222
2020-12,0.6701398880382496,0.3717906951801712
2021-01,0.0,0.0
2021-02,0.2689449410407689,0.29106511744605856
2021-03,1.524205023310601,1.427672904992234
2021-04,3.33348576406899,2.543969066369639
2021-05,7.235430034903284,2.4346610130208384
2021-06,6.566271935210527,2.1946820887604237
2021-07,10.176335174110108,2.4981335755374285
2021-08,9.546369490881338,2.190494769819722
2021-09,7.051095454631548,2.0871638374540336
2021-10,4.289684685262608,2.155149390071696
2021-11,0.6130079929912404,0.6582829265967776
2021-12,0.03893429227234208,0.06132041047636033
