bulan,cf_cvg_rerata
2022-01,1.1850499966703507
2022-02,0.09354329063439897
2022-03,0.3591042082490991
2022-04,3.061624172398854
2022-05,3.6677373474852604
2022-06,2.235503348283152
2022-07,1.1340785638397632
2022-08,20.376550348880027
2022-09,4.849910710412758
2022-10,1.8059159620945389
2022-11,1.0433101846336374
2022-12,0.27435149733414216
2023-01,0.0
2023-02,1.0362223081617954
2023-03,1.2226774779464191
2023-04,3.1197497692155944
2023-05,13.084764318866773
2023-06,10.253635579960763
2023-07,11.7167195439419
2023-08,12.793692483362438
2023-09,13.992211064333086
2023-10,12.64223773207505
2023-11,4.6261167307853315
2023-12,4.7157915187416535
2024-01,0.8943774136139284
2024-02,1.402903454220986
2024-03,1.0637612574222155
2024-04,2.7235126395321627
2024-05,7.97541741278304
2024-06,7.568269419339711
2024-07,5.347916891952583
2024-08,12.292360623628051
2024-09,7.810382274291014
2024-10,7.351644266374391
2024-11,0.11613694694982735
2024-12,0.05646810348672323
