tahun,n_citra_penuh,luas_penuh,luasprob_penuh,cakupan_penuh,n_citra_kemarau,luas_kemarau,luasprob_kemarau,cakupan_kemarau,n_citra_kering,luas_kering,luasprob_kering,cakupan_kering
2016.0,53,37834.3136578044,27572.508998611498,106931.27359957848,30,660.5354638085388,412.550438568616,5027.265413186612,16,272.420195072932,201.8618947448694,1085.6866012211055
2017.0,97,65365.01000975692,41927.96523331183,246575.5614992826,62,62751.41891860968,40705.62632527929,230897.7169456474,39,41018.78645335736,27302.25450611806,127461.7936699762
2018.0,194,85766.90642786592,56624.360228994774,315727.11862505245,130,85949.34743500268,56815.316736697256,314627.80920797936,87,82633.83627121993,55213.77919455465,267415.23351930553
2019.0,244,96023.52674208155,63480.04422362695,315871.13765572984,139,89804.7122680893,60087.51022419903,313790.7599904618,80,65735.67314517226,43988.84223285993,247054.40103359224
2020.0,155,87829.26529136473,58813.06027252691,312683.2705065353,84,78908.24765204839,53099.1150306173,263677.3794718116,54,50383.08729310139,34280.8494211645,182831.57009957533
2021.0,142,76869.78447149775,53634.73787223663,263200.3077031276,94,45431.72752324725,31631.250799712026,138412.6952687675,63,21847.678156283313,14178.56018244688,77978.43553750812
2022.0,110,71084.1261693377,50655.85532938964,245918.89157979377,73,45285.313744267325,32886.34451659364,139616.85423705424,48,5234.687663556627,2862.3464772684347,37822.64216462554
2023.0,178,108024.40173052852,75381.32684379739,314827.7070031275,105,98910.33321012447,69982.99494636164,308240.38949245226,58,67939.7926830817,47995.904071222234,210209.12327560125
2024.0,188,103745.72214142383,73203.96061685703,314819.51907181606,132,104255.46096763927,74626.97839564727,313252.3348251568,80,104991.6315703037,76249.86338107479,310240.56939088996
2025.0,152,76703.51122687571,50334.55367145196,275939.874880862,95,51698.67029092752,33947.73506234111,171790.04547631537,73,38160.3654428895,24602.838282177807,133048.75513950354
