tahun,n_citra,obs_per_piksel,cakupan_ha,luas_modus_ha,luas_prob_ha,luas_lunak_ha
2016.0,53,4.340907672984408,270331.857327426,65365.83522035471,44561.07845551172,53500.396395417
2017.0,97,7.0219010284212775,315857.7866937394,78496.06632857057,50223.95700139805,62526.66410415059
2018.0,194,16.162547425068308,315871.1376557294,85766.91626688575,56624.360228994825,67507.78577402934
2019.0,244,22.424987870616377,315871.13765572937,96023.52674208145,63480.04422362696,73595.29713521786
2020.0,155,13.493949175924625,315871.1376557292,88132.80329114207,58962.04111054344,68308.93643384927
2021.0,142,8.500483258482099,315519.5080330863,86010.81202606387,59887.5260314565,67656.36902079036
2022.0,110,7.074325823479895,315797.78397889854,81972.460103286,57709.075808398076,65023.77535304866
2023.0,178,16.73617452784353,315871.13765572954,108424.94345149034,75624.403529316,79881.05298624784
2024.0,188,15.158375826139956,315871.13765573007,104234.9916864937,73511.57465111603,77437.32176870698
2025.0,152,9.323650345387454,315871.1376557291,84720.69175156805,55029.535296188566,65018.5329867752
