tahun,ntl_mean,ntl_sum
2015.0,1.261585302522197,16195.960007146088
2016.0,1.0544153101757578,13536.35632912634
2017.0,1.4383157471688461,18464.78733718857
2018.0,1.668258182035394,21416.738720578185
2019.0,2.004828284321919,25737.553100181118
2020.0,1.8279023446681184,23466.216047402413
2021.0,1.540892866876513,19781.650275518798
2022.0,1.483312005848055,19042.43960103685
2023.0,2.512341142274371,32252.8937070171
2024.0,2.457035520235623,31542.892059947226
2025.0,2.2878131114103186,29370.451274398896
