tahun,tenaga_kerja_pariwisata,status,pertumbuhan_%
2015,254537,Ekstrapolasi CAGR,
2016,263878,Ekstrapolasi CAGR,3.6698004612296
2017,273563,Observasi Sakernas,3.6702567095400207
2018,354684,Observasi Sakernas,29.653498462876925
2019,334784,Observasi Sakernas,-5.610628052012501
2020,313840,Observasi Sakernas,-6.255974001147013
2021,310755,Observasi Sakernas,-0.9829849604894192
2022,395284,Observasi Sakernas,27.201171340766848
2023,359340,Observasi Sakernas,-9.093208933323893
2024,350946,Observasi Sakernas,-2.335949240273838
2025,364994,Observasi Sakernas,4.0028950322841705
