tahun,wisnus_rp,wisman_rp,prop_wisnus,prop_wisman,pengeluaran_final_rp,pengeluaran_final_miliar,status
2015,,16675258.049999999,0.9871952926025164,0.012804707397483682,1023748.6967894901,0.0010237486967894901,Estimasi CAGR
2016,,16137173.44,0.9825013195866343,0.017498680413365664,1128844.836229158,0.0011288448362291581,Estimasi CAGR
2017,,,0.9780758628453503,0.02192413715464965,1244729.9501112457,0.0012447299501112457,Estimasi CAGR
2018,1084610.0,17669426.580000002,0.9826406512775668,0.017359348722433113,1372511.6145098105,0.0013725116145098105,Observasi
2019,1163400.0,16155815.280000001,0.9944918407820935,0.005508159217906498,1245980.6104232143,0.0012459806104232142,Observasi
2020,1230840.0,30537607.1,0.9990488081800559,0.0009511918199441258,1258716.3571345278,0.0012587163571345277,Observasi
2021,2006760.0,44330008.0236,0.9993262622342137,0.00067373776578631,2035274.7705642404,0.0020352747705642406,Observasi
2022,2000450.0,22225505.49,0.99952880380852,0.00047119619147990626,2009979.9691193576,0.0020099799691193575,Observasi
2023,2351860.0,25214209.68,0.9965454457351016,0.0034545542648983813,2430839.227592642,0.002430839227592642,Observasi
2024,2666170.0,22618954.349999998,0.9972781365426867,0.0027218634573133393,2720478.7545939186,0.0027204787545939187,Observasi
2025,2672980.0,21366474.703,0.9974735140022568,0.0025264859977431496,2720208.8526160154,0.0027202088526160156,Observasi
