tahun,n_citra,obs_per_piksel,cakupan_ha,luas_lunak_ha,luas_terkoreksi,penyesuaian,persen_wilayah
2016,53,4.340907672984408,270331.857327426,53500.396395417,61642.38097702595,8141.984581608944,19.349105711917243
2017,97,7.0219010284212775,315857.7866937394,62526.66410415059,67827.42643762687,5300.762333476276,21.29054756658512
2018,194,16.162547425068308,315871.1376557294,67507.78577402934,63121.61328097922,-4386.172493050122,19.813426229198072
2019,244,22.424987870616377,315871.13765572937,73595.29713521786,62572.41102054906,-11022.8861146688,19.641035539126452
2020,155,13.493949175924625,315871.1376557292,68308.93643384927,66750.85029223266,-1558.0861416166154,20.95261795851361
2021,142,8.500483258482099,315519.5080330863,67656.36902079036,71390.18202959817,3733.813008807818,22.408871250423182
2022,110,7.074325823479895,315797.78397889854,65023.77535304866,70268.9797367925,5245.204383743847,22.05693381153635
2023,178,16.73617452784353,315871.13765572954,79881.05298624784,74886.97071108964,-4994.082275158202,23.506488389443668
2024,188,15.158375826139956,315871.13765573007,77437.32176870698,74115.33493730065,-3321.986831406335,23.26427739886391
2025,152,9.323650345387454,315871.1376557291,65018.5329867752,67879.98253503839,2861.44954826319,21.307044552400775
